{
  "all_points": [
    [
      0.7310538116590288,
      0.07828131942207171
    ],
    [
      0.8899103139011457,
      0.09931669500999704
    ],
    [
      0.9554932735423866,
      0.1325550397572687
    ],
    [
      0.9695067264571816,
      0.1352936219760172
    ],
    [
      0.9678251121074062,
      0.13977876851889054
    ],
    [
      0.9834080717486583,
      0.1517519265829573
    ],
    [
      0.9949551569504494,
      0.15829388242858303
    ],
    [
      0.998878923766592,
      0.19312941428804786
    ]
  ],
  "pareto_points": [
    [
      0.7310538116590288,
      0.07828131942207171
    ],
    [
      0.8899103139011457,
      0.09931669500999704
    ],
    [
      0.9554932735423866,
      0.1325550397572687
    ],
    [
      0.9695067264571816,
      0.1352936219760172
    ],
    [
      0.9834080717486583,
      0.1517519265829573
    ],
    [
      0.9949551569504494,
      0.15829388242858303
    ],
    [
      0.998878923766592,
      0.19312941428804786
    ]
  ]
}